1. Shelfmark	2. Part	3. Author	4. Works	5. Language(s)	6. Format	7. Support	8. Binding	9. Decoration, Illustrations	10. Date	11. Not before (year)	12. Not after (year)	13.Origin 1	14.Origin 2	15. Provenance	16. Page number in Coxe	17. IMOCL	18. IMEP page number	19. Notes	20. Bibliography
University College MS. 4					codex	vellum	Contemporary white leather over wooden boards		s. XV	1400	1500	England		"Once belonged to a monk of Warden, Bedfordshire. Dialect Bedfordshire." (IMEP). Possibly the Cistercian Abbey at Old Warden/Wardon, Bedfordshire. (PTB)	1		p. 102		
		Willelmi Burgenoun de Tempsford	Fragmentum folio I & II	Latin ; Middle English															
			Dialogus de arte moriendi																
			An order for the visitation of the sick, with exhortations to the sick person	English (Bedfordshire dialect)															
			Conturbacio animæ in extremis																
			Exhortatio de modo vivendi concorditer in anima et corpore																
		Augustine, Saint, Bishop of Hippo	Speculum peccatoris																
			Sermons (fragments)																
University College MS. 5			Horæ B. Mariæ Virginis (Use of Dominicans at Tréguier)	Latin	codex	vellum	Limp vellum. 	"Fine miniatures (partly defaced), close in style to Bodl. MS. Laud Lat. 15. Good borders, initials. (cf. no. 805 [Jesus College 32])." (IMOCL) Illustration of the Nativity, p. 56. (PTB)	s. XIVin.	1300	1330			Formerly belonged to Robert Young. (Coxe)	2	Cat. No. 806.		“William Smith […] used galls to revive faded passages.  In no. 5 he tried an experiment.  He applied the galls to the two bottom lines of the text and wrote underneath; ‘Ultimae istae duae lineae (ceteris jam multo nigriores) gallis aqua macerates delinitae errant Aug 28 anno 1700.  Notent posteri quamdiu ista coloris differentia permanebit; et quid commodi vel damni inde sequetur’.  The two lines are still blacker than the rest, and the parchment is stained brown, but no worse effects have followed.  But Smith tried his galls on an erased inscription at the top of the page in vain, and so made impossible the use of other methods of recovering it.” (Hunt, p. 13)	
University College MS. 6					codex	vellum	18th-century calf. Rebound c. 1700, William Smith's instructions to the binder on p. 368.		s. XIII or XIV	1170	1350	France		Formerly belonged to the Dominicans of Beverley. (Coxe)	2				
		Augustine, Saint, Bishop of Hippo	Sermons	Latin															
			Locutiones super heptateuchum	Latin					s. XIII or XIV										
		Anon.	Quaestiones theologicae et de praedicamentis	Latin					s. XIII or XIV										
		Gregory, I, Pope, approximately 540-604	Cognomento Magni Dialogorum libri quatuor	Latin					s. XIII										
		Gregory, I, Pope, approximately 540-604	Pastoralis libri duo	Latin					s. XIII										
		Quintilian, Ps. [?]	Declamationes	Latin					s. XIII or XIV										
			Fragmentum dialogi inter Trismegistrum et Asclepium	Latin					s. XIII or XIV										
		William of Conches, pseudo	Philosophiae compendium	Latin				11 diagrams and 2 world maps	s. XIIex.										
		Seneca, Lucius Annaeus, the elder, approximately 55 B.C.-approximately 39 A.D.	Opuscula varia	Latin															
University College MS. 7			Psalter, with Sarum hymns	Latin	codex	vellum	16th-century, purple velvet repaired with purple reversed calf.	Decorated initials and full-page bar-boarders with dragons at divisions	s. XIVex.	1370	1400	France	Paris	 "Note (largely erased), fol. 138v, saec. xv ed., 'Jehan …(diepp … enfant de … cathedralle) … de Rouen'." (IMOCL)	3	Cat. No. 742			
University College MS. 8				Latin	codex	vellum	Contemporary leather over bevelled wooden boards.	 "Miniatures (unfinished) in Flemish style inserted on separate leaves. Good penwork initials." (IMOCL)	s. XVmed.	1440	1470	England		"olim, ut videtur ex insignibus gentilis in fronte depictis, eujusdam e familia de Percy, postea Roberti Lover, e dono dominæ Greete de Midhurst, viduæ x. Jul. 1549." (Coxe) "Arms of the Percy family on an added leaf, cut down, fol. 4v. Given to Robert Lover, 10 July 1549, by Greete de Medhurst in Sussex, fol. 107." (IMOCL) Ownership inscription at f. 107 possibly enhanced by William Smith: "Robert Lovehers booke geuen of gentle maistres Greete wydowe at Medhurst the x of Julye, anno Domini 1549, Sussex, clearke there in Medhurst predict." (PTB)					
			Tabula ad inveniendum Pascha	Latin															
			Kalendarium, monostichis instructum	Latin															
			Book of Hours, Use of Sarum	Latin															
			Prayers to St Osith	Latin															
University College MS. 9			Breviary (Carmelite)	Latin	codex	vellum	English blind-stamped leather with panels showing Martin and the beggar bordered with scenes of the hunt.	"Fine borders, initials. Fine penwork initials." (IMOCL)	s. XVIin.	1500	1525	England		"Made for English use. More English saints added in the calendar, saec. xv. Obits 'matris mee', 1585. Ann Mansfield, Ann Conyers, saec. xvi." (IMOCL)	3	Cat. No. 745			
University College MS. 10					codex	vellum	18th-century calf gilt (lacking clasps)	Painted cuts. 	s. XVIin.	1500	1525	France		Printed in Paris by Philippe Pigouchet. Made for Guillaume Eustace, 15 June 1508. "olim Margaretæ Gallot." (Coxe) Note at f. 127 reads, 'Ce present livre appartient a Marguerite Gallot'. 	4				
	1		Book of Hours, Use of Rome	Latin															
	2		Les vepres de la sepmaine, avec complies, les hymnes, et proses de l'année	Latin ; French															
University College MS. 11					codex	vellum	Contemporary brown leather over wooden boards		s. XVex.	1475	1500	England			4				
			Axiomata e jure civili præcipue collecta	Latin															
			Tabula contentorum secundæ partis Codicis	Latin															
			Axiomata philosophica juridicialia	Latin															
			Notabilia theologica	Latin															
		Alexander, de Villa Dei	Summarium Bibliæ	Latin															
			Tituli dierum Dominicalium	Latin															
			Versus ordinem SS. Bibliorum (taken from Genesis, Exodus, Leviticus, Numbers, Deuteronomy, Joshua, Judges, Ruth, and Kings).	Latin															
University College MS. 12				Latin	codex	vellum	16th-century panelled brown leather tooled with emperors’ heads-in-medallion (lacking clasps)	"Good historiated and other initials. Related in style to Bodl. MS. Liturg. 396." (IMOCL)	s. XIIIex.	1275	1300	Netherlands or Flanders		Given to the College by Thomas Walker, Master (d. 1665)	4	Cat. No. 804.			
			Psalter																
			Cantica sacra Mosis																
			Symbolum Athanasianum, Litaniæ, et collectæ																
University College MS. 13			Professio fidei.	Latin	codex	paper	Limp vellum (stained)		s. XVIex.	1550	1600	England	London (possibly)	 Recusant manuscript. "ex dono Roberti Plot, LL. Doctoris et hujus collegii commensalis." (Coxe)	4				
University College MS. 14					codex	vellum	Contemporary white tawed leather (lacking clasps and catches)		s. XV	1400	1500	England		Once belonged to John Juel (1522-71), bishop of Salisbury. Given to University College Oxford by Thomas Walker, Master (d. 1665).	4		p. 102		
		Hilton, Walter, -1396	The cloud of Unknowing, or of Contemplation	Middle English (South central Norfolk dialect)															
		Peter, of Blois, approximately 1135-approximately 1212	Regula aurea	Latin															
		Catherine, of Sienna	Doctrine	Middle English															
University College MS. 15		Johannis Lugdunensi (or of Leyden)	Sermones Dominicales Festivalesque	Latin	codex	vellum	Contemporary white leather over wooden boards (spine tabs cut off, lacking clasps and catches)		s. XIIIin.	1200	1240	England		"olim ecclesiæ S. Mariæ de Holm-Cultram ex dono Ludovici monachi." (Coxe) Christopher Hudson, s. XVI (f. 181v).	5				
University College MS. 16					codex	vellum	Contemporary reversed red leather over wooden boards (lacking clasps and catches) with front endleaves from an English choirbook and rear endleaves with polyphonic music		s. XV	1400	1500	England		Incorporated into the college library in 1684; John Courteney mentioned in liminary text. (DIAMM) According to Coxe this manuscript belonged to Thomas Dackombe. This was probably Thomas Dackombe (1496-c.1572), petty canon of Winchester Cathedral.	5			Black full mensural notation with black full black void and red black full coloration except one motet in black void mensural notation. (DIAMM) College bookplate of 1650? on inside of upper board; College bookplate of 1700? on f. 3v. Contents listed on f. 149r.	
			Epistola beati Eusebii	Latin															
			Soliloquia sive meditationes sancti Augustini	Latin															
			Alloquia beati Augustini	Latin															
			Devota meitatio sive oratio ad proprium angelum	Latin															
		Anselm, Saint	Ad Sanctum Johannem Baptistam	Latin															
			Ad S. Johannem evangelistam	Latin															
			Alia oratio ad eundem Sanctum Johannem	Latin															
University College MS. 18					codex	vellum	English 15th-century panelled ‘cuir ciselé’ over wooden boards, border ruled and stamped in  blind (rebacked, lacking clasps and catches)		ss. XIV, XV	1300	1500	England		Belonged to Thomas Stokys, armiger, and given to University College by Thomas Staunton. (Coxe)	6				
		Peter, of Blois, approximately 1135-approximately 1212	Duodecim utilitates tribulationis	Latin															
		Bonaventure, Saint, Cardinal, approximately 1217-1274 pseudo,	Meditationes vitae Christi	Latin															
University College MS. 19					codex	vellum	16th-century panelled brown leather over wooden boards (lacking clasp)		s. XIV	1300	1400	England	Canterbury, St Augustine's Abbey	 Formerly belonged to an abbot named Thomas; after 1669 it was owned by William Rogers. (Coxe)	6				
			Canones evangelorium secundum novas capitulaciones Bibliae	Latin															
			Ordo omnium gestorum et miraculorum Domini nostri Jhesu Christi	Latin															
		Clement, of Llanthony	Unum ex quatuor	Latin															
University College MS. 20			Bible (Vulgate) with prologue of St Jerome	Latin	codex	vellum	Medieval white tawed leather over bevelled wooden boards (lacking one of two clasps)	Decorated. Flourish initials throughout.	s. XIIIex.	1275	1300	England		"olim Radulphi Fawconere." (Coxe)	6				
University College MS. 21		Raymond, of Peñafort, Saint, 1175?-1275	Summa theologiae	Latin	codex	vellum	Old brown leather over wooden boards		s. XIV	1300	1400	France		"olim liber Simonis de Retlinge, de libraria Sancti Augustini Cantuar., postea Tho. Weaver." (Coxe)	6				
University College MS. 22			Breviary, Use of Salisbury (Sarum), inserted with readings and homilies by Venerable Bede and others	Latin	codex	vellum	Brown leather over wooden boards (rebacked)	Written in an informal English cursive hand.	s. XV	1400	1500	England		"olim Johannis Bristowe." (Coxe) Names mentioned in a note on f. 337v John Roly, George Dawne.	7				
University College MS. 23					codex	vellum	Contemporary blind-stamped goatskin (lacking one of the clasps)	Written in a humanistic bookhand, initials not supplied.	s. XV	1400	1500	Italy	Naples (possibly)	"olim Johannis Lawrens, postea coll. Univ. ex dono Tho. Walker S.T.P., magistri." (Coxe)	7				
		Facio, Bartolomeo, -1547	De vitae felicitate	Latin															
		Facio, Bartolomeo, -1547	Ad Robertum Strozzum epistola	Latin															
University College MS. 24			Summula controversiarum	Latin	codex	vellum	Limp vellum		s. XVI	1500	1600			Collegii Anglici (note in Duke Humphrey's copy of Coxe).	7				
University College MS. 25					codex		16th century blind-stamped calf (rebacked, lacking clasps and catches)								7			College bookplate of 1700? on inside of upper board.	
	1		Hours of the Holy Spirit	Latin		vellum		Flourish initials, border decorations	s. XV	1400	1500	England		Formerly belonged to Elizabeth Yate. (Coxe and note on f. 4r)					
	2		Psalter and Hymnal (Use of Sarum)	Latin		printed on paper		Woodcut of Franciso Birckman on title page	s. XVI	1500	1600	France	Paris	 Printed by Franz Birckman, 1522.					
	3		Lectionary, hymnal, prayers with Litany	Latin		vellum		Initials and border	s. XVI	1500	1600	England	Syon						
University College MS. 26					codex	vellum	Contemporary tawed leather over wooden boards with bevelled edges (worn, lacking clasps and catches)	"manu Johannis Hatfield plerumque exaratus" (Coxe): largely in the hand of John Hatfield. Sacrobosco texts signed by John Hatfield. Planetary and astrological diagrams on ff. 122r, 125v, 126v, 130r, 134v, 139r.	s. XIV or XV	1300	1500	England		In 1669 the manuscript was under the ownership of William Rogers of Lincoln's Inn. (Coxe; inscription on f. 91v) Inscription "Wm. Rogers" (ff. 4r & 149v)	7			College bookplate of 1700? on f. 2v.	
		Sacro Bosco, Joannes de, active 1230	De algorismo sive de arte memorandi tractatulus	Latin															
		Sacro Bosco, Joannes de, active 1230 & Grossteste, Robert, 1175?-1253,	Liber de computo	Latin															
		Sacro Bosco, Joannes de, active 1230	Liber de sphaera	Latin															
		Grossteste, Robert, 1175?-1253	Theorica Planetarum, cum figuris	Latin															
			De vocibus animalium	Latin															
			Tractatus de proportione	Latin															
University College MS. 28					codex	paper	18th-century blind-stamped calf		s. XV	1400	1500	England		"ex dono M. Georgii Plaxton, de S. Hales, com. Staff. 1681." (Coxe) Probably George Plaxton (1647/8-1720), cler., of Sheriffhales, Shropshire 1673-1703, keen antiquary. (PTB) See ODNB.	8		p. 102-5		
		Hilton, Walter, -1396	Scale of perfection	Middle English (West Riding of Yorkshire dialect)															
			Sequence of sermons for holy days																
			Tract on the seven deadly sins																
University College MS. 29					codex	vellum	17th-century brown leather 		s. XV	1400	1500	England		"olim Thomæ Browne." (Coxe) "Given by [John] Bancroft [Master of University College Oxford, 1610-32]" (DHC)	8				
		Anon.	Treatise on sin	Latin															
		Hoveden, John, -1275	Speculum laicorum	Latin 															
			A narration of the miracle of how St Augustine of the Apostle of England raised the dead bodies of two excommunicated persons	Latin 															
			Tract on the virtue of Theology and the Articles of Faith	Latin 															
		Augustine, Saint, Bishop of Hippo, pseudo	Speculum Peccatorum	Latin 															
			Soliloquium animae	Latin 															
			Sermon on 1 Corinthians 7.29	Latin 															
			Debate between the body and the mind	Latin 															
			Excitatio necessaria ad peccatorem	Latin 															
University College MS. 30					codex	vellum	18th-century speckled calf	Flourish initials.	s. XV	1400	1500	England			9			List of contents in hand of Obadiah Walker on upper flyleaf.	
		Anselm, Saint, Archbishop of Canterbury, 1033-1109	Ad Deum Patrem (prayer)	Latin															
		Augustine, Saint, Bishop of Hippo, 345 - 430	Sermo de oratione dominica (serm. 58)	Latin															
			Meditations and Soliloquies	Latin															
		Ambrose, Saint, Bishop of Milan, - 397	Sermons and meditations	Latin															
University College MS. 31		Clerke, Francis, fl. 1594	Praxis in curiis ecclesiasticis Anglicanis	Latin	codex	paper	Contemporary calf gilt	Liquid gold initials and acanthus borders on ff. 1 and 3.	s. XVI	1500	1600	England			9				
University College MS. 33					codex	vellum	Contemporary tawed leather over bevelled boards, mark from chain hasp (lacking chain and clasp)	Flourish initials and manicoli.	s. XV	1400	1500	England		Belonged to Thomas Browne, then to John Bancroft, Master of Univ. and later bishop of Oxford, who gave it to University College in 1632. (Coxe)	10				
			De gestis et transaltionibus sanctorum Regum de Colonia	Latin															
		Anon	"While thou hast Gode and geteste gode" (poem)	Middle English															
University College MS. 36					codex	vellum	Limp vellum	Small flourish initials.	s. XIVex.	1350	1400			"olim Thomæ Browne, postea coll. Univ. ex dono Tho. Walker, S.T.P. magistri." (Coxe)	10				
		Hoveden, John, -1275	Speculum laicorum	Latin															
		Hoveden, John, -1275	Eplicatio decalogi	Latin															
		John, of Wales, active 13th century (attrib.)	Forma praedicandae	Latin															
		Grosseteste, Robert, 1175?-1253	De venenis	Latin															
		Athanasius, Saint, Patriarch of Alexandria, -373, pseudo	Sermo de imagine Salvatoris apud Berytum inventa	Latin															
University College MS. 37			Catena SS. Patrum in psalmos septem pœnitentiales	Latin	codex	vellum	18th-century brown leather	"Fine borders, initials." (IMOCL)	s. XVin.	1400	1450	England			11	Cat. No. 423			
University College MS. 40					codex	vellum	18th-century leather	"Fine border, fine and other initials. Humanistic script by Peter Meghen." (IMOCL) Illuminated by a Flemish artist.	s. XVI	1500	1600	England		"in usum Christophori Urswyke, Henrici VII. Regis Angliæ ellemosinarii, nitide exaratus, et quoad pag. Primam pictus." (Coxe) "Written for Christopher Urswick, dean of Windsor (d. 1522), fol. 102." (IMOCL)	11	Cat. No. 824			
		John Chrysostom, Saint, -407	Homilies on the Gospel of St Matthew	Latin															
		John Chrysostom, Saint, -407	Homily	Latin															
		Augustine, Saint, Bishop of Hippo	Sermon	Latin															
		Luther, Martin, 1483-1546	Two Sermons	Latin															
		Savonarola, Girolamo, 1452-1498	Meditation 'Infelix ego'	Latin															
		Savonarola, Girolamo, 1452-1498	Exposition on the 30th psalm	Latin															
University College MS. 41					codex	vellum	Medieval white tawed leather over stiff vellum.	Astrological diagrams.	s. XIV	1300	1400	England		 "Iste liber pertinet comunitate Fratrum Salopiae" (f. 2v) Formerly belonged to a convent in Shrewsbury.	12			College bookplates of 1650? and 1700? on inside of upper board. Leaves from binding now University College MS. 207 (note on flyleaf). List of contents on f. 2v.	
		Anon	Definitiones sphæræ	Latin															
		Grosseteste, Robert, 1175?-1253	Compotus (lacking opening)	Latin															
		Profatius Judæus, approximately 1236-	Tractatus quadrantis	Latin															
		Sacro Bosco, Joannes de, active 1230	De Algorismo	Latin															
		Sacro Bosco, Joannes de, active 1230	De Sphaera	Latin															
		Thebit, ben Chorat, 836-901 [?]	Liber … de hiis quae indigent expositione antequam legatur Almagestus	Latin															
		Grossteste, Robert, 1175?-1253 (attributed) & Gerard of Cremona	Theorica Planetarum	Latin															
			De compositione Cylindri, cum tabulis altitudinem solis exhibentibus in civitate Oxon. London. et Exon	Latin															
			De compositione quandrantis	Latin															
			Ars et operacio novi quadrantis, edited by Petrus de Sancto Audemaro 	Latin															
			Canones super Almanach Prophatii [Alphonsine table]	Latin															
			Tabula radicum planetarum super meridiem Oxonie cuius longituo ab occidente est 51 gradus [Alphonsine table]	Latin															
University College MS. 42					codex	paper	Contemporary ruled brown leather over bevelled boards	Flourish initials. "haud una manu exaratus." (Coxe)	s. XV	1400	1500	The Netherlands	Zwolle or Gröningen	 "olim domus clericorum de communi vita in Gröningen circa Sanctam Walburgam, postea an. 1639 Johannis Halei, Med. Doct." (Coxe)	12				
		Anon.	Liber de vera vite, Jhesu Christo 	Latin															
		H. de Goriken	Tractatus de Praedestinatione	Latin															
		Giles, of Assisi, -1262	Verba aurea	Latin															
		Henrici Ramsen	Responsiones de indulgentiis ad Johannem ep. Leodiensem	Latin															
		Gerson, Jean, 1363-1429	De pollutione nocturna	Latin															
		Anon.	De vita	Latin															
		Anon.	De vita Christi juxta Evangelistas	Latin															
		Beke, Johannes de	Chronicle (excerpt)	Latin															
University College MS. 44		Aelred, of Rievaulx, Saint, 1110-1167	De vita Davis sive genealogia regum anglorum	Latin		paper	Limp vellum		s. XVI or XVII	1500	1700	England			13				
University College MS. 45					codex	vellum; paper	15th-century reversed tawed leather over bevelled boards. Leaf from Early English Text Society publication (1867) used as flyleaf. 			1100	1500	England			13			List of contents in hand of Obadiah Walker on upper flyleaf. College bookplates of 1650? and 1700? on flyleaf.	
	1	Langland, William, 1330?-1400?	Piers Plowman (independent version)	Middle English					s. XV										
	2	Henry, of Huntingdon, 1084?-1155 	Imago mundi	Latin					s. XII										
	3	Clement, of Llanthony	Libellus	Latin					s. XIV										
		Anon	De quinque septenis in Scriptura	Latin															
		Hildebert, Archbishop of Tours, 1056?-1133 	Carmen de expositione missæ	Latin															
			Versus xxii. de diversis	Latin															
			Expositio brevis metrica orationis Dominicæ	Latin															
		Hildebert, Archbishop  of Tours, 1056-1133	Hymnus	Latin															
			Hexæmeron	Latin															
			Narrationes de fratribus sanctisque ex SS. Bibliis et Vitas Patrum	Latin															
		Rolle, Richard, 1290?-1349 (Richard Hampole)	Commentary on Job and the Psalms	Latin															
University College MS. 52		Constantinus Sacerdotus	Octateuchus	Greek		vellum	Red russia 		s. XII	1100	1200			"olim Thomæ Cayii deinde Johannis Brown, coll. Univ. socii, postea ejusdem coll. ex dono Joh. Bancroft." (Coxe)	15				
University College MS. 53			Theological tracts and letters.	Latin	codex	paper	Contemporary blind-stamped and ruled brown leather over boards		s. XV	1400	1500	France or The Netherlands			15				
University College MS. 54		John Chrysostom, Saint, -407	Homilies on John, transl. Burgundio of Pisa	Latin	codex	vellum	19th-century	"Fine border (mutilated), historiated and other initials. By the same hand as Bodl. MS. Digby 231, Francesco d'Antonio del Cherico. Humanistic script." (IMOCL)	s. XV	1400	1500			"olim Francisci Clethero." (Coxe) "Thomas Clifford, Franc. Clethero, saec. xv (?), fol. 227." (IMOCL)	16	Cat. No. 956			
University College MS. 55					codex	vellum	16th-century ruled brown leather over pasteboard			1200	1300			 "olim Thomæ Browne, postea coll. Univ., ex dono Johannis Bancroft." (Coxe)	16				
	1	Peter Lombard, Bishop of Paris, approximately 1100-1160	Sentences	Latin				Two large flourish initials (one excised)	s. XIII			France							
	2	Henry, of Ghent, 1217?-1293	Quodlibeta	Latin					s. XIII			England							
			Arbor consanguinitatis	Latin															
University College MS. 56						vellum	16th-century leather panelled in blind, diapers with pineapple tool (rebacked, preserving original spine)	Flourish initials and borders in red, blue, and purple. "Fine penwork borders, initials." (IMOCL)	s. XVin.	1400	1450	England		"olim cujusdam e familia de Hamptone, postea coll. Univ. e dono Samuelis Clerke, coll. Univ. commensalis, A.D. 1641." (Coxe) "Calendar of Christ Church, Canterbury, with obits of the Hampton family, 1413-22, fols. 1—5v. Given by Samuel Clarke, commoner 1641, fols. 1, 264v." (IMOCL)	16	Cat. No. 395	p. 105		
			Kalendarium (Christ Church Canterbury)	Latin															
		Rolle, Richard, 1290?-1349	Commentary on the Psalms	Middle English															
		Rolle, Richard, 1290?-1349	Commentary on Cantica Sacra	Middle English															
			Te deum laudamus and Athanasian Creed	Latin															
University College MS. 57		Guilelmus Peraldus, approximately 1190-1271	Sermones Dominicales (Gospels)	Latin	codex	paper	Old leather over wooden boards (rebacked)		s. XV	1400	1500			“Companion volume to University College MS. 75 so probably presented by Master William Asplyon.” (Note in Duke Humphrey's copy of Coxe)	17				
University College MS. 58			Gospels, glossed	Latin		vellum	Medieval brown leather over bevelled wooden boards, possibly original	Flourish initials	s. XII or XIIIin.	1100	1250	France		"ex dono Gul. Green, armigeri nuper hujus collegii commensalis superioris ordinis 1683." (Coxe)	17				
University College MS. 59		Anselm, Saint, Archbishop of Canterbury, 1033-1109	Opera varia	Latin	codex	vellum	17th-century calf		s. XIII	1200	1300	France		 Early side notes in English hand. "olim Thomæ Browne, postea coll. Uinv. Ex dono Johannis Bancroft." (Coxe)	17				
University College MS. 60						vellum	Contemporary white leather over bevelled boards	Written by Hugh Hall	s. XV	1400	1500	England		"olim Thomæ, et Johannis Browne, deinde F. Drake, et denuo coll. Univ. ex dono Tho. Walker. Magistri." (Coxe)	17				
		Haqueville, Nicolaus de	Sermones dominicales	Latin															
		Grossteste, Robert, 1175?-1253	Liber de venenis	Latin															
		Bonaventure, Saint, Cardinal, approximately 1217-1274	Works	Latin															
		Lydgate, John, 1370?-1451?	Verses	Latin															
University College MS. 61					codex	vellum	Contemporary brown leather over boards.	Initial and border		1200	1400	England		"Iste liber pertinet communitate Fratrum Solopiæ." (fol. 2v) "olim Thomæ Browne, postea coll. Univ. ex dono Tho. Walker, magistri." (Coxe) "Richard Gosmore, fellow of Magdalen College (d. 1547); Thomas Broune, Christ Church scholar, vicar of Kingsclere (d. 1587), fol. Iv. Given by Thomas Walker, master (d. 1665), fol. 2." (IMOCL)	18	Cat. No. 304			
	1	Valerius 	Ad Ruffinam	Latin					s. XIVin.										
	2	Gregory, I, Pope, approximately 540-604	Sermon on Ezekiel	Latin					s. XIII										
	3		Meditation of St Bernard 	Latin					s. XIV										
		St Jerome	Lives of the Desert Fathers	Latin															
		Augustine, Saint, Bishop of Hippo	Edicta de animæ egressione a corpore	Latin															
			Vita Fursei, ed. by Bede	Latin															
University College MS. 63 (also University College MS. 62)					codex	vellum	Early 16th-century blind-stamped leather over boards. "saec. xvi in., possibly A . Lysley, Eton." (IMOCL)	Border, flourish initials		1200	1500	England and France		 "ex dono Mariæ Elmhurst, in gratiam unici sui nati Hereberti Elmhurst, collegii scholaris, et in collegio mortui." (Coxe) "Humphrey Gilbert, c. 1551, fol. 64v and on lower cover. Given by Maria Elmhurst in memory of Herbert Elmhurst, scholar (d. 1670), first pastedown." (IMOCL) Eton (Ker and Watson)	19	Cat. No. 409			
	1	Grossteste, Robert, 1175?-1253	De lingua et corde	Latin					s. XIII										
		Gilbert, of Hoyland	Commentary on St Paul's Epistles	Latin															
	2		Postilla super librum Danielis	Latin					s. XV										
University College MS. 64					codex	paper	12th-century white leather over square-cut boards (rebacked), head spine tab (lacking strap and pin)		s. XV	1400	1500	England		"olim Tho. Walker, magistri." (Coxe)	19		pp. 107-8		
		Rolle, Richard, 1290?-1349	Commentary on the Psalms	Middle English (Yorkshire dialect)															
		Rolle, Richard, 1290?-1349	Commentary on the Canticles	Middle English (Yorkshire dialect)															
University College MS. 65			Exhortationes canctorum patrum	Latin		vellum	19th-century half morocco	Initials in green and red, four large and patterned	s. XII	1100	1200			"olim W. Rogers de Paynswick." (Coxe)	19				
University College MS. 66		Gregory, I, Pope, approximately 540-604	Moralia in Job (from Book XXI, lacking end)	Latin	codex	vellum	Later medieval brown leather over wooden boards (worn and rebacked)	Initials in green, red, and blue	s. XII	1100	1200	England		"ex dono Thomæ Walker, magistri." (Coxe)	20				
University College MS. 67					codex	vellum	Contemporary white leather over bevelled wooden boards with strap (lacking pin)		s. XIVex.	1350	1400	England		"olim libri de communitate fratrum Prædicatorum conventus Beverlaci; postea 'liber Thorgott, dono Nicolai Mell." (Coxe)	20			Preachers' aid from the Dominican convent at Beverley.	
			Alphabetum narrationum	Latin															
			In vitis patrum	Latin															
University College MS. 68		Aquinas, Thomas, Saint, 1225-1274	Summa contra gentiles	Latin	codex	vellum	15th-century ruled calf over bevelled wooden boards (rebacked, lacking clasps). "Binding identical with Bodley MS 214." (DHC)	Flourish initials	s. XIII	1200	1300	England	Canterbury	"olim, ut videtur, Roberti de Wynchelsey, archiepiscopi Cantuarensis; postea H. Sutton." (Coxe)	20				
University College MS. 69		Roger, monk of Croyland	Life of Thomas Beckett	Latin		vellum	19th-century pigskin		s. XIII	1200	1300	England		"olim liber ecclesiæ ….. Wintoniæ, postea Johannis Theyer, de Copwers Hill juxta Gloucest." (Coxe) Given by W. Rogers (DHC)					
University College MS. 70		Johannes, Felton, -1434	Sermones dominicales	Latin		paper	Contemporary tawed skin over wooden boards (window fragment and nails on lower board)	Flourish initials	s. XV	1400	1500	England		From the medieval library in University College Oxford (DHC)	20				
University College MS. 71			Septuplum		codex	vellum	Trimmed chemise binding, tawed leather. "Contemporary binding of white leather on boards." (IMOCL)	"Good initials. Penwork initials, cadels." (IMOCL)	s. XVin.	1400	1450	England		"olim liber Magistri Hawkyns, ex dono Roberti Page, postea coll. Univ. ex dono Willelmi Hawkyns." (Coxe) "Given by William Hawkyns, fellow, 1527, fol. 14v." (IMOCL)	21	Cat. No. 479			
University College MS. 72			Britton (Operis juridicalis)	French	codex	vellum	19th-century pigskin	Initials with leaves	s. XIIIex. or XIV	1270	1450	England			21				
University College MS. 74		Rolle, Richard, 1290?-1349	Commentary on the Psalms	Middle English	codex	vellum	Contemporary leather over wooden boards		s. XV	1400	1500	England		Given by Thomas Walker (DHC)	22		p. 108		
University College MS. 75		Guilelmus Peraldus, approximately 1190-1271	Sermones Dominicales (Epistles)	Latin		paper	Contemporary white tawed skin over wooden boards	small flourish initials.	s. XV	1400	1500	England		“fol 44r John Dowetyng.  Ex dono Magr Willi As[plyon] (label on back cover)” (DHC) See University College MS. 57 (companion volume)	22				
University College MS. 76			Repertorium de re theologica philosophicaque	Latin		paper	Contemporary white leather over wooden boards		s. XV	1400	1500	England		"olim Johannis Castell." (Coxe). Commonplace book of John Castell, Master of Univ., 1410-20.	22				
University College MS. 77				Latin	codex	vellum	White leather over square ended wooden boards		s. XIII	1200	1300	England		 "de communitate fratrum minorum Salopie [Shrewsbury, Franciscans]." (f. 2r) "olim liber de communitate fratrum minorum Salopiæ, postea ex librario monasterii de Hangmod [Haughmond] sumptus et Ricardo Fowler præsentatus a Johanne Shelrock, rectore de Smethcott, 4 Aug. 1606." (Coxe)  Label of gift to college, 1606, behind horn window on spine.	22				
			Gospel of Matthew, glossed																
			Treatise on the Mass																
			Gospel of Luke, glossed																
University College MS. 78A			Missal, use of Hereford	Latin ; Middle English	codex	vellum	Leather spine, exposed wooden boards (rebacked).	"Fine borders, fine and other initials." (IMOCL)	s. XVin.	1400	1450	England		 "olim Gul. Rogers, ex hospit. Lincoln. 1668." (Coxe) "Dedication of Hereford Cathedral in the calendar. Dedication of St Dubricius, Whitchurch, Monmouthshire, probably a contemporary addition. Given in 1668 by William Rogers of Painswyck, commoner, fols. 1,7, 227v." (IMOCL) Parish of Whitchurch, Herefordshire (Ker, p. 389).	23	Cat. No. 422	pp. 108-9		
University College MS. 78B			Missal, use of York	Latin		vellum	Contemporary trimmed chemise binding	Illuminated, flourish initials. "Sketch of a figure, fol. 184v." (IMOCL)	s. XVmed.	1430	1470	England.		 "olim ecclesiæ de Cocknay ex dono Willelmi Sheppard." (Coxe) "Calendar (feast of relics 19 Oct.) suggests York Minster. Obit of Margaret Haverham, 1532. Given to Cuckney church by William Sheppard. Fols. 1, 184v. Given to the College by Thomas Walker, master (d. 1665)." (IMOCL)	23	Cat. No. 509			
University College MS. 79		Rainerius, de Pisis, -approximately 1348	Summæ Theologiæ (pars prima, A-E)	Latin		paper	Contemporary white leather over wooden boards. Nail and chain marks.		s. XV	1400	1500	England.		 "ex dono Will. Asplyon, unius e xij. Sacerdotibus monast. S. Salvatoris in Sion; 1473." (Coxe)	23				
University College MS. 80		Rainerius, de Pisis, -approximately 1348	Summæ Theologiæ (pars altera, E-I)	Latin		paper	Contemporary white leather over wooden boards		s. XV	1400	1500	England.			23				
University College MS. 81A		Rainerius, de Pisis, -approximately 1348	Summæ Theologiæ (volumen quarta, P-R)	Latin		paper	Contemporary white leather over wooden boards		s. XV	1400	1500	England.			23				
University College MS. 81B			Alphabetum narrationum, In vitis patrum	Latin		paper	Contemporary white leather over wooden boards		s. XV	1400	1500	England.			23				
University College MS. 82			Cartulary of St John's Beverley (Beverley Minster)	Latin	codex	vellum	"Metal cross, a roundel with a distich under horn cover on more recent binding of brown leather on pasteboard." (IMOCL)	"Fine historiated initials (drawings). Calligraphic interlace initials." (IMOCL) Late fourtheenth century drawing of Athelstan and St John of Beverley (f. 7r).	s. XV	1400	1500	England.		 "St. John's, Beverley, Yorks." (IMOCL)	24	Cat. No. 548			
University College MS. 84		Justinian	Codex, glossed by Franciscus Accurius	Latin	codex	vellum	English 15th-century white leather over wooden boards (lacking clasps)		s. XIII	1200	1300			"ex dono Thomæ Walker, S.T.P. magistri." (Coxe)	25				
University College MS. 85					codex	vellum	19th-century brown leather	Two half-page miniatures , borders (including two full bar borders) and text decoration	s. XVmed.-ex.	1430	1500	England	London	"Crest, two arms embossed vested azure, holding between the hands proper a garb or and the motto 'Oublier ne doit', pp. 1, 70. Verses in French by Michel Otheu [Otthen], physician of Emperor Maxmilian II addressed to Anne, duchess of Somerset, added pp. 2, 18, 180, 1585." (IMOCL) Possibly given by Obadiah Walker, s. VXII.	25	Cat. No. 549	p. 108-9		
		Alain Chartier	Quadrilogue invectif	Middle English															
		Pseudo-Aristotle (trans. John Lydgate)	Secreet of Secreets	Middle English															
			Three consideracions right necessarye to the good gouernaunce of a prince	Middle English															
University College MS. 86		Gratian, active 12th century	Decretum	Latin	codex	vellum	14th-century tawed leather over wooden boards to page edge. Originally had seven clasps. 	"Good miniature. Fine initials. Fine penwork initials. Marginal sketch, fol. 267. Fols. 189-243 an insertion of saec. xiii in. with fine penwork initials." (IMOCL)	s. XIIIex.	1260	1300	England	Durham (?)	"olim armarioli communis Dunelmensis, postea Johannis de Kelton." (Coxe) Give by Charles Hales. (DHC) "Ex libris of Durham cathedral and pressmark 'Q', saec. xv. fol. 1. (IMOCL)	26	Cat. No. 265			
University College MS. 87		Augustine, Saint, Bishop of Hippo	Contra Faustum manichaeum	Latin		vellum	19th-century reversed leather	Interlace initial with faces, initials in red, blue, and green.	s. XIIin.	1100	1150	England.			26	Cat. No. 12			
University College MS. 88		Forrest, William, 1530-1581	The history of Joseph	Latin		vellum	Contemporary gilt-stamped calf with arabesque corner pieces, lion mask brass bosses at corners (one lacking, binding restored).		s. XVI	1500	1600	England. 		Autograph manuscript and presentation copy. Gift of C. Theyer (DHC).	26			This is volume I. Volume II is British Library, MS Royal 18.C.XIII	
University College MS. 89					codex	vellum	16th-century blind-tooled calf ruled and tooled with diamonds containing sprays decorated with petals (upper joint split, lacking clasps and catches)	Illuminated and flourish initials	s. XIV	1300	1400				26				
		Galen	Microtechnon	Latin															
		Hippocrates, v460-v370	Aphorisms	Latin															
		Hippocrates, v460-v370	Prognostica	Latin															
		Hippocrates, v460-v370	Regimen acutorum	Latin															
University College MS. 90			Lands of the earl of Ormonde	English	codex	paper	17th-century gilt stamped with Carew arms 		s. XV	1400	1500	England or Ireland. 		Copied from the Red Book by William White, 1480, from the collection of Sir George Carew, earl of Totnes (1555-1629).	27		p. 109		
University College MS. 91		Guilelmus Peraldus, approximately 1190-1271	De vitiis septem	Latin		vellum	Contemporary doeskin over wooden boards (lacking clasps)	Flourish initials	s. XIII	1200	1300	France. 		"olim decani de Crediton, ex legatione W. Palmer, postea Gulielmi Muggi ex dono Georgii Mason." Bequeathed to Crediton church by William Palmer who had bought it from the London stationer Thomas Veysey in 1433	27				
University College MS. 92		Robert Cowton, active 1302-1340	Commentarius in Sententiarum (librum primum)	Latin	codex	vellum	Contemporary, perhaps original, white leather over wooden boards, straps with brass clasps and catches	Flourish initials	s. XIV	1300	1400	England.			27				
University College MS. 93		Anon	Lecturæ de controversiis inter reformatos et ecclesiam romanam, 1586-1588	Latin		paper	Contemporary blind-stamped brown leather (very worn), 12th-century parchment folios as lifted endleaves		s. XVI	1500	1600	England.			27				
University College MS. 94		Diogenes Laertius 	De vitis philosophorum, trans. by Ambrogio Traversari	Italian		vellum	Contemporary blind-stamped knotwork binding (slightly rubbed, lacking clasps and catches)	Fine humanist script, white vine border and initials, coat of arms. "manu Italica optime exaratus et quoad literas initiales ornatus." (Coxe)	s. XV	1400	1500	Italy	Ferrara	Ferrara. "olim Thomæ Kech ex dono M. Thomæ Gandy." (Coxe) Given by John Hales (DHC)	27	Cat. No. 988			
University College MS. 95					codex	vellum	17th-century limp vellum (leaf from upper cover now University College MS. 192)	Flourish initials	s. XV	1400	1500	England.		 Once belonged to Edington Priory. "olim Johannis Naylor, coll. Univ. socii." (Coxe)	28				
			Liber dictus Rosarium	Latin															
			List of Gospels and Epistles for the year	Latin															
		Hugh, of Saint-Victor, 1096?-1141	De archa Noe (fragment)	Latin															
University College MS. 96			Wycliffite Summary of the Old Testament with Interpretations of Scripture (including the General Prologue to the Wycliffite Bible); Gospel lections in Middle English for Easter and Palm Sunday	Middle English	codex	vellum	Unbound	Red initials. Spaces left for initials. Script is Anglican showing Secretary influence.	s. XVin./med.	1400	1470	England.	Printed in London, 1550 (Coxe) 	 "This book seemeth to have been made by  John  Wickliffe." "I take this note to be of Mr Obad. Walker’s handwriting. Teste Guil. Smith, Aug. 26, 1700." (Notes on the flyleaf) "List of contents in the hand of O. Walker." (anonymous note in Duke Humphrey copy of Coxe)	28		p. 109		
University College MS. 97					codex		Contemporary			1350	1500			"olim ecclesiæ [S. Petri] de [Westmonasertio?] in qua Blanchia ducissa Lancastriæ an. 1368 sepulta; postea coll. Univ e dono Th. Walker, magistri." (Coxe)	28		p. 109-12		
	1		Prophecies of St Thomas of Canterbury	Middle English		vellum and paper			s. XIVex.					England.					
			Gesta romanorum moralista	Latin															
			Papal Bull (to Thomas Bourchier, archbishop of Canterbury, dated 1456)																
	2		Devotional treatises	Middle English		vellum			s. XV										
			Wycliffite version of Visitatio infirmorum																
			Short chronicles																
		Sir Johne Clanvowe	Treatise																
			Documents and chronicles relating to St Paul's Cathedral, London																
University College MS. 98		Gregory, I, Pope, approximately 540-604	Pastoralis curæ	Latin	codex	vellum	19th-century half morocco	One large patterned initial, initials & ampersands in green and red	s. XII	1100	1200	England.			29				
University College MS. 99			Collection of nine treastises, incl. Gregory the Great (Pastoralis curæ), Augustine of Hippo (De conflictu vitiorum, De disciplina christiana), Pseudo-Aritstotle (De pomo)	Latin	codex	paper	Contemporary tawed skin over bevelled wooden boards with two catches (lacking straps and clasps). Papal bull of 1380 in favour of Patrick Asseburne as endleaves.		s. XVin.	1400	1450	England.		 “manu M.T. de Ashburne scriptus; olim Roberti Halytreholme” (Coxe)	30				
University College MS. 100					codex	vellum	Medieval trimmed chemise of white doeskin over wooden boards to page edges, strap.	Flourish initials. "Good miniatures (mainly coloured drawings). Good penwork initials." (IMOCL)	s. XIIIex.	1250	1300			"ex dono Gul. Rogers de Painswyck." (Coxe) "Given in 1669 by William Rogers of Painswyck, commoner, fols. 1, 98." (IMOCL)	30	Cat. No. 259			
			Apocalypse of John	French															
			Carmen de vita et morte B. Mariæ Virginis	French															
University College MS. 101			Breviary (Cluny) with additional texts	Latin		vellum	17th- or 18th-century limp vellum		s. XIIex.	1150	1200	England	Monk Bretton and Pontefract		30				
University College MS. 102		Mirk, John, active 1403?	Festial (temporal section with two additional sermons)	Middle English	codex	paper	Contemporary pink-stained leather (lacking clasp and catch)	Initials touched red.	s. XV	1400	1500	England			31		p. 112-9		
University College MS. 104		Julian of Toledo, 0642?-0690	Prognosticon futuri sæculi	Latin	codex	vellum	Original wooden boards and tabs at spine, early rebacking in tawed skin	Green and red initials	s. XI	1000	1100	England	Battle Abbey		31				
University College MS. 106			Pocket Bible (with the Prologues of St Jerome)		codex	vellum	Calf with gilt lettering (recording donation by William Percyval of Shenley in 1616)	Decorated, flourish initials throughout.	s. XIV	1300	1400			"ex dono Gulielmi Percyval, de Shenlye, co. Buckingham. 1616." (Coxe)	32				
University College MS. 107			Statuta Angliæ	Latin and French		vellum	17th-century		s. XIV	1300	1400	England.		 Thomas Parlysh (s. XVI) fol. 168 (DHC)	32				
University College MS. 108		Ogilvy of Boyne	Cartulary	Latin	codex	paper	Original limp vellum with monogram "OB" on upper cover.		s. XVI	1500	1600	Scotland			32				
University College MS. 109					codex	vellum	Contemporary white leather over wooden boards	Flourish initials in red and blue.	s. XV	1400	1500	England		"olim Thomæ Raynes, postea Ricardi Gosmore, deinde Thomæ Browne et denique coll. Univ. ex dono Thomæ Walker, magistri." (Coxe)	33				
		Jacobus, de Voragine, approximately 1229-1298	Sermons	Latin															
		John Chrysostom, Saint, -407	De compunctione cordis	Latin															
		John Chrysostom, Saint, -407	De reparatione lapsi	Latin															
		John Chrysostom, Saint, -407	Quod nemo læditur nisi Seipso	Latin															
		Grossteste, Robert, 1175?-1253	Liber de confessione	Latin															
		Augustine, Saint, Bishop of Hippo	De vera et falsa pœnitentia	Latin															
		Augustine, Saint, Bishop of Hippo	De septem peccatis mortalibus & De quinque sensibus	Latin															
University College MS. 110		Duns Scotus, Johannes, 1265-1308	Quæstiones quodlibetales	Latin	codex	vellum	15th-century panelled calf, tooled, includes rabbit, agnus dei, dog and bird (restored)	Flourish initials. Written M.J. Goold (Coxe, f. 134).	s. XV	1400	1500	England		"olim Galfridi Burdon." (Coxe)	33				
University College MS. 112		Petrus, Comestor, active 12th century	Historia Scholastica	Latin	codex	vellum	14th-century doeskin over wooden boards to text block, parallel raised bands.	Illuminated."Fine historiated and other initials. Good penwork initials." (IMOCL)	s. XIIIin.	1200	1250	France. 		"The will of Stephanus atte Roche, vicar of Fen Ditton, Cambs., 1381, formerly lining the upper cover of the binding, is now University College MS. 192, fol. 29." (IMOCL)		Cat. No. 655			
University College MS. 113						vellum	Loose in cardboard.		s. XIII	1200	1300	England	Dominican convent, Beverley	England. Beverley Dominicans (Ker). "olim ecclesiæ S. Mariæ Rievallensis, ex dono, ut videtur, Johannis de Elyngton, postea C. Hyldyard." (Coxe)	34			List of contents in hand of Obadiah Walker.	
		Peter Lombard, Bishop of Paris, approximately 1100-1160	Sentences	Latin															
		Hugolinus de Urbe Veteri (c. 1380-c. 1457)	Distinctiones	Latin															
University College MS. 114		Priscian	Institutiones grammaticæ	Latin		vellum	White leather over bevelled wooden boards.	Opening initial in magenta with red flowerheads and green cusped leaves.	s. XV	1400	1500	England			34				
University College MS. 115			Old Testament (containing Pentateuch, Joshua, Judges, Ruth, Kings, Isaiah, fragments of Jeremiah, Prologues of St Jerome)	Latin	codex	vellum	Uncovered boards. "The first two quaternions of Deuteronomy may have been transposed in binding." (DHC)	"Fine and other initials (unfinished)." (IMOCL)	s. XII	1100	1200				34	Cat. No. 85			
University College MS. 116						vellum	Uncovered board, rebacked. Foredge painting.	Puzzle initials, penwork borders, manicules and faces in the margins. "Fine penwork borders, initials. Marginal scribbes [sic.]." (IMOCL)	s. XIIIex.	1250	1300			"olim Willelmi Wharton, postea Johannis Thorgott." (Coxe) "List of sermon subjects for the use of an order of Preachers, p. 306. John Thorgott, saec. xvi, pp. 1, 396." (IMOCL)	34	Cat. No. 237			
			Old Testament 	Latin															
			New Testatment (with Prologues of St Jerome)	Latin															
University College MS. 117		Augustine, Saint, Bishop of Hippo	Various works	Latin	codex	vellum	19th-century half morocco		s. XIIex. or XIIIin.	1150	1250	England. 		"olim liber eccl. S. Augustini Cantuar." (Coxe)	35				
University College MS. 118					codex	vellum	16th-century panelled calf ruled and roll tooled in blind (rebacked and restored)			1100	1300	England. 		"olim Willelmi Parkhous, postea coll. Univ. ex dono Tho. Walker, magistri." (Coxe)	35				
	1	Isidore, of Seville, Saint -636	Etymologiæ	Latin				Initials in blue and red or green and red, some foliate	s. XII										
	2	Avicenna, 980-1037	Practica	Latin				Flourish initials in red and blue	s. XIII										
University College MS. 119		Thomas, de Chobham, active 1200-1233	Summa pœnitentia	Latin		vellum	17th-century limp vellum		s. XIIIex.	1250	1300	England. 		"olim Thomæ de Billingham." (Coxe)	35				
University College MS. 120					codex	vellum	Contemporary limp vellum.	Colour-washed drawings. "Good miniatures (mainly coloured drawings)." (IMOCL)		1200	1450	England.		 William Rogers' name and year 1669 written on f. 1r.	36	Cat. No. 267			
	1		Bestiary	Latin					s. XIII										
	2	Burley, Walter, 1275-1345	De universalibus	Latin					s. XVex.										
University College MS. 122		William, of Pagula, approximately 1290-1332	Oculus sacerdotis (Part 1)	Latin		paper	Reused 13th-century leaf (stained)		s. XV	1400	1500	England.			36				
University College MS. 123					codex	vellum	16th-century blind stamped calf, roll tooled vertically with standing woman dragon, hunter and deer		s. XV	1400	1500	England. 		"ex dono Gulielmi Rogers. (Coxe)	36		p. 120		
		Bonaventure, Saint, Cardinal, approximately 1217-1274, pseudo	Speculum vitæ Christi, trans. Love, Nicholas, active 1410	Middle English (Buckinghamshire dialect)															
			A shorte tretis of the heiest and moste worthi sacrament of Cristis body and the miraclis theroff	Middle English (Buckinghamshire dialect)															
			Two devotional texts	Middle English (Buckinghamshire dialect)															
University College MS. 124		Aquinas, Thomas, Saint, 1225-1274	Quodlibeta	Latin	codex	vellum	Medieval white leather over wooden boards (restored)	Flourish initials in blue and red with extravagant marginal extensions	s. XIIIin.	1200	1250	England	Fountains Abbey	 "anno 1580 peculium Ricardi Tomsoni; deinde 1596 Willelmi Wraye, et denique coll. Univ. ex dono Tho. Walker, magistri." (Coxe)	37				
University College MS. 125		Melanchthon, Philipp, 1497-1560	Compendium interdecreti	Latin		paper	Vellum wrapper from 13th-century theological manuscript		s. XVI	1500	1600				37			Index in Italian added in 1549.	
University College MS. 129		Balbi, Giovanni, -1298	Catholicon	Latin		vellum	Contemporary white leather over bevelled wooden boards (lacking clasps and pins).	"Fine border, initials, added to an Italian MS. with penwork initials, saec. xiii2. Mutilated." (IMOCL)	s. XIV	1300	1400	England	Winchester	"olim capellæ S. Elizabthæ juxta Winton. ex sono Joh. Pountoyse 'quondam ep. Winton.' postea Ricardi Neuport, et anno 1667 Gulielmi Shippen." (Coxe) "Given by John de Pontisarra (Pontoise), bp. of Winchester (d. 1304), to the Chapel of the Hospital of St. Elizabeth of Hungary, Winchester, fols. I, 378v. William Shippen, fellow, rector of Stockport, Cheshire (d. 1693), fol. i." (IMOCL)	37	Cat. No. 714			
University College MS. 130			Old Testament (The Octateuch, Job, Kings, Ezekiel, Prologues of St Jerome)	Latin	codex	vellum	Contemporary tawed leather over boards with strap, pin and clasp.	"Fine historiated and other initials. Fine arabesque initials. Marginal sketches, fols. 1v, 124v." (IMOCL)	s. XII	1100	1200	England		 "Ex libris of St. Neot's priory, Hunts., fol 171v, saec. xic." (IMOCL)	38	Cat. No. 140			
University College MS. 138		Cicero, Marcus Tullius	De amicitia	Latin		vellum	19th-century half morocco		s. XII or XIII	1100	1300	England	St Augustine's Abbey, Canterbury	Canterbury (St Augustine's), England "olim Gul. Rogers, ex hospit. Lincoln. 1669." (Coxe)	38				
University College MS. 140				Greek	codex	paper	19th-century purple cloth	Diagrams.	s. XVI	1500	1600			Possibly given to Univ. by Mary Langbaine.	39				
		Manuel Byrennius	On harmonies 																
		Porphyry, approximately 234-approximately 305	Commentary on Ptolemy's Harmonies																
		Ptolemy, active 2nd century	Harmonies (Book III) 																
University College MS. 142				Middle English (South west Sussex dialect)	codex	vellum	Medieval wooden boards, stripped and rebacked with maroon morocco		s. XV	1400	1500	England		"olim Johannis Ramsey." (Coxe) Previously owned by Ricardus Rauf P L, John and William Weston de Ocham. Belonged to Gerald Langbaine. Possibly given to Univ. by Mary Langbaine.	39		p. 120-1		
		Rolle, Richard, 1290?-1349 (Richard Hampole)	Pricke of conscience					Red initials. Written by Thomas Plenus-amoris.											
			Printed treatise											Printed in London, 1530 (Coxe)					
			"Of seuen maystyrs of art"																
University College MS. 143		Peter Riga, approximately 1140-1209	Aurora	Latin	codex	vellum	19th-century calf (rubbed)		s. XIIIin.	1200	1250			Sudbury, England. Possibly given to Univ. by Mary Langbaine.	39				
University College MS. 145			Statutes of the Hospital at Ewelme	English		vellum	19th-century purple cloth		s. XVI	1500	1600	England.		 "Made by William de la Poole. Possibly given to Univ. by Mary Langbaine.	39				
University College MS. 148				Latin		vellum	Modern vellum		ss. XII to XIV	1100	1400	England.	Chichester.	 "olim Gerardi Langbaine, [coll. Reg. præposto filii] postea coll. Univ. ex dono Mariæ Langbaine viduæ, in gratiam mariti sui Gerardi muper defuncti, olim per multos annos hujus colegii superioris ordinis commensalis; anno Domini 1692." (Coxe)	40				
			Charters, rules, and liturgical texts relating to Chichester																
			Cartulary and rule St Mary's Hospital, Chichester 											Signed by John Cutchere, dean of Chichester, and dated 1447.					
University College MS. 154			Chronicle of England (Brut Chronicle)	Middle English		vellum	Late 15th-century panelled brown leather (worn)	Border and initial on opening folio, flourish initials throughout.	s. XV	1400	1500	England. 		"olim, ut videtur, Willelmi Manyngham, Christophori Purpilli, W. Bendloues, et Willelmi Bere." (Coxe) "Christopher Purpillus, 1604, pp. i, 241. Possibly given to Univ. by Mary Langbaine, widow of Gerard Langbaine (d. 1692)." (IMOCL)	42	Cat. No. 551	p. 121		
University College MS. 156		Netter, Thomas, approximately 1375-1430	De sacramentalibus	Latin		paper	19th-century calf. Almost certainly a Beckford binding. Printed waste endleaves from Bacon's Nova Atlantis.		s. XVex.	1475	1500	England.	Lincoln.	Copied out by John Rusell, bishop of Lincoln, in 1491-2. Probably given to Univ. by Mary Langbaine.	43				
University College MS. 158			Relationes casuum legalium	French and Latin	codex	vellum and paper	Speckled calf by Beckford		s. XVIex.	1550	1600	England. 		Probably given to Univ. by Mary Langbaine.	43				
University College MS. 165				Latin	codex	vellum	Durham, c. 1120.	One miniature in full colour, colour washed drawings, historiated and decorated initials.	s. XII	1100	1200	England	Durham.	 "olim M. Lelonde, Joh. Theyer de Cowpers Hill juxta Glouc., Fulconis Wallwyn, ex dono Danielis Bacheler, Willelmi et Thomæ Leigh, et denique coll. Univ. ex dono Gul. Rogers." (Coxe) Southwick (Ker)	45	Cat. No. 17.			
		Bede, the Venerable, Saint, 673-735	Vita et miracula S. Cuthberti																
			Prayer to St Cuthbert																
University College MS. 166			Rental of Salisbury Cathedral	Latin	codex	vellum			s. XIV	1300	1400	England			45				
University College MS. 167			Fountains Abbey, Cartulary, with Cistercian privileges to 1490	Latin	codex	vellum	White leather over boards, chemise lacking pins and most of straps with clasps.		s. XVex.	1450	1500	England	Fountains Abbey		45				
University College MS. 168				Latin	codex	vellum	Contemporary binding of white leather over bevelled wooden boards flush to page edge, strap trimmed from upper board. 	"Good historiated initial. Fine borders in an unusual style, fine and other initials. Fine penwork initials. Marginal drawings (catchwords), later pencil sketches, saec. xvi." (IMOCL)	s. XV	1400	1500	England.			46	Cat. No. 419			
			Collection of commentaries on Song of Songs; 																
		Bede, the Venerable, Saint, 673-735	Commentaries (Song of Songs, the Gospels of Mark and Luke)																
University College MS. 169			Barking Abbey, Ordinale	Latin & Middle English 	codex	vellum	"New Bound. 1731." (note on inside upper board) 1731 panelled reversed calf, lacking clasps	Illuminated initials, penwork initials with faces. "Fine borders, initials. Fine penwork initials." (IMOCL)	s. XVin.	1400	1450	England	Barking Abbey	Note of f. 6v: "Memorandum quod anno domini millesimo quadragintesimo quarto domina Sibilla . . . Abbatissa de Berkyng hunc librum ad usum Abbatissarum in dicta domo . . . concessit." "Commissioned and given to Barking abbey in 1404 by Sibilla de Felton, abbess 1394-1419, p. 2. Obits of Barking abbesses, fols. i-v, saec. xv. Obadiah Walker, master 1676-89. Sold at the sale of John Humphrey of Rothwell, 4 Dec., 1682, lot 20." (IMOCL) 	47	Cat. No. 387	p. 121		
University College MS. 170			Fountains Abbey, Cartulary	Latin		vellum	19th-century reversed calf		s. XII or XIII	1100	1300	England. 		"ex dono Hugonis Todd socii, 1696." (DHC)	47				
University College MS. 172		Gregory, X, Pope, -1276	Constitutions of the Second Council of Lyon 1274	Latin		vellum	19th-century cloth		s. XIV	1300	1400	England. 		"olim Gul. Rogers, 1669." (Coxe)	47				
University College MS. 177 A-B		Higden, Ranulf, -1364	Polychronicon (with prologue)		codex	vellum	Contemporary white leather chemise over straight-edge wooden boards. Bookmarker in Vol. I	Puzzle initials with grotesques in the margins. "Fine penwork borders, initials." (IMOCL)	s. XIVex.	1350	1400	England. 		"olim Thomæ Sparchi ex dono Matthæi Piggotti." (Coxe) "Evidence for Barnwell priory, Cambridgeshire, from obits in the margin." (IMOCL)	48	Cat. No. 342			
University College MS. 178			Missal (fragments)	Latin		vellum	19th-century hogskin.	Initials and borders.	s. XIVex.	1350	1400	England. 		"University College chapel. Obits in the calendar: magister Walker Skirlaw, bp. of Durham, 1406; Henry Percy, 1455. Note on the dedication of the Chapel to St. Cuthbert, 1476." (IMOCL)	48	Cat. No. 349			
University College MS. 179			Devotional book, including: Prayers, Hours of the Blessed Virgin Mary, Placebo, Seven Penitential Psalms, Litany	Latin & Middle English	codex	vellum	18th-century limp vellum.		s. XV	1400	1500	England.		 Given by Francis Rockley (DHC).	49		pp. 121-4; 132-5		
University College MS. 180						vellum	19th-century cloth		ss. XII or s. XIII	1100	1300	England. 		"olim Thomæ Ailesbury, clerici." (Coxe)					
			Gospels	Latin															
			Glossing on Song of Songs	Latin															
			Sermon on Lucerna pedibus meis (Psalm 119.105)	Latin															
			Book of Job, glossed (fragment)	Latin															
			Catalogue, of works by Anselm and Augustine	Latin															
University College MS. 181					codex	vellum	Original leather over bevelled boards sewn into white leather chemise, lined with blue and white striped cloth, metal bosses on upper and lower covers (lacking clasps and pins). 	"Fine borders, fine and other initials. Miniatures pasted in and removed." (IMOCL)	s. XVin.	1400	1450	England. 		"olim, anno scilicet 1491, Henrici Percei de N. postea, anno 1577, Roberti Hedrington." (Coxe) "Given in 1490 to dominus Henry Percy, prior of Newnham, Bedfordshire, by his predecessor, Johannis Renhall, fol. 40v. Robert Hendrington, 1577, fol. 1." (IMOCL)		Cat. No. 560	p. 124		
		Guillaume, de Déguileville, 1295-1360	The pilgrimage of the soul	Middle English															
		Hoccleve, Thomas, 1370?-1450?	Compleynte paramont	Middle English															
University College MS. 188			Romance of Parthenopex (lacking at beginning and end)	Middle English	codex	vellum	19th-century morocco	Some bastard secretary script.	s. XIVex.	1375	1450	England.			51				
University College MS. 190		Petrus, Comestor, active 12th century	Historia scholastica	Latin	codex	vellum	19th-century half morocco	Diagram of the Temple.	s. XIIex./s. XIII	1175	1250	England.		 “Belonged to the Dominicans of Beverley in s. xv, if not in s. xiii: ‘Fratrium predicatorum’ at the head of f. 1 and ‘fratris Roberti de Eston’ at the foot, both probably in the same hand, s. xiii; ‘Conuentus Beuerlaci’ f. 137, s. xv, ‘C. Hyldyard’ MS 113, f. 169, s. xvi, may have been written before or after the last four leaves of art. 2 were transferred to MS. 113: the same name is on MS. 113, f. 1.  Both manuscripts were the gift of Obadiah Walker, master 1676-9.” (Ker)					
University College MS. 191		Gregory, I, Pope, approximately 540-604	Homilies	Latin	codex	vellum	Half-morocco over medieval boards (lacking clasps and catches)	Large green and red initials with foliate patterns, one blue initial with red pattern.	s. XII	1100	1200	England. 		Cistercian. "[Liber] sancta M[arie] d[e….] anathema sit." (f. 4v)					
University College MS. 192			Fragments, removed from bindings of other manuscripts. 		guardbook	vellum	19th-century cloth	Colour initials.	ss. XII - XV	1100	1500	England. 		Possibly copied for choirbook of King Henry VI.		Cat. No. 655			
			Antiphonary	Latin															
			Gradual	Latin															
			Will of Simon de Bredon	Latin															
			Will of Stephanus atte Roche	Latin															
			Musical fragments from a royal choirbook including Credo by Thomas Damett	Latin															
University College MS. 208			Fragments, removed from the bindings of University College MS. 41						s. XIII - XIV	1200	1400								
